Nr of Frames	Config	Video	QP	TZSearchConfig	Bit Rate	Y-PSNR	U-PSNR	V-PSNR	Total Time
9	encoder_randomaccess_main.cfg	Traffic	32	0	5718.9867	36.6372	38.3841	40.6560	769.560
9	encoder_randomaccess_main.cfg	Traffic	32	1	5718.9867	36.6372	38.3841	40.6560	775.390
9	encoder_randomaccess_main.cfg	Traffic	32	2	5718.9867	36.6372	38.3841	40.6560	766.750
9	encoder_randomaccess_main.cfg	Traffic	32	3	5718.9867	36.6372	38.3841	40.6560	766.880
9	encoder_randomaccess_main.cfg	Traffic	32	4	5718.9867	36.6372	38.3841	40.6560	773.120
9	encoder_randomaccess_main.cfg	Traffic	32	5	5718.9867	36.6372	38.3841	40.6560	770.680
9	encoder_randomaccess_main.cfg	Traffic	32	6	5718.9867	36.6372	38.3841	40.6560	770.270
9	encoder_randomaccess_main.cfg	Traffic	32	7	5718.9867	36.6372	38.3841	40.6560	768.750
9	encoder_randomaccess_main.cfg	Traffic	32	8	5718.9867	36.6372	38.3841	40.6560	767.810
9	encoder_randomaccess_main.cfg	Traffic	32	9	5718.9867	36.6372	38.3841	40.6560	768.280
9	encoder_randomaccess_main.cfg	Traffic	32	10	5718.9867	36.6372	38.3841	40.6560	772.190
9	encoder_randomaccess_main.cfg	Traffic	32	11	5718.9867	36.6372	38.3841	40.6560	770.770
9	encoder_randomaccess_main.cfg	Traffic	32	12	5718.9867	36.6372	38.3841	40.6560	770.380
9	encoder_randomaccess_main.cfg	Traffic	32	13	5718.9867	36.6372	38.3841	40.6560	768.790
9	encoder_randomaccess_main.cfg	Traffic	32	14	5718.9867	36.6372	38.3841	40.6560	770.720
9	encoder_randomaccess_main.cfg	Traffic	32	15	5718.9867	36.6372	38.3841	40.6560	768.840
9	encoder_randomaccess_main.cfg	Traffic	32	16	5718.9867	36.6372	38.3841	40.6560	769.700
9	encoder_randomaccess_main.cfg	Traffic	32	17	5718.9867	36.6372	38.3841	40.6560	769.740
9	encoder_randomaccess_main.cfg	Traffic	32	18	5718.9867	36.6372	38.3841	40.6560	768.710
9	encoder_randomaccess_main.cfg	Traffic	32	19	5718.9867	36.6372	38.3841	40.6560	768.750
9	encoder_randomaccess_main.cfg	Traffic	32	20	5718.9867	36.6372	38.3841	40.6560	770.990
9	encoder_randomaccess_main.cfg	Traffic	32	21	5718.9867	36.6372	38.3841	40.6560	767.020
9	encoder_randomaccess_main.cfg	Traffic	32	22	5718.9867	36.6372	38.3841	40.6560	769.640
9	encoder_randomaccess_main.cfg	Traffic	32	23	5718.9867	36.6372	38.3841	40.6560	768.350
9	encoder_randomaccess_main.cfg	Traffic	32	24	5718.9867	36.6372	38.3841	40.6560	768.640
9	encoder_randomaccess_main.cfg	Traffic	32	25	5718.9867	36.6372	38.3841	40.6560	768.950
9	encoder_randomaccess_main.cfg	Traffic	32	26	5718.9867	36.6372	38.3841	40.6560	767.750
9	encoder_randomaccess_main.cfg	Traffic	32	27	5718.9867	36.6372	38.3841	40.6560	767.380
9	encoder_randomaccess_main.cfg	Traffic	32	28	5718.9867	36.6372	38.3841	40.6560	768.280
9	encoder_randomaccess_main.cfg	Traffic	32	29	5718.9867	36.6372	38.3841	40.6560	765.860
9	encoder_randomaccess_main.cfg	Traffic	32	30	5718.9867	36.6372	38.3841	40.6560	769.190
9	encoder_randomaccess_main.cfg	Traffic	32	31	5718.9867	36.6372	38.3841	40.6560	771.880
9	encoder_randomaccess_main.cfg	Traffic	37	0	5718.9867	36.6372	38.3841	40.6560	769.550
9	encoder_randomaccess_main.cfg	Traffic	37	1	5718.9867	36.6372	38.3841	40.6560	768.180
9	encoder_randomaccess_main.cfg	Traffic	37	2	5718.9867	36.6372	38.3841	40.6560	767.760
9	encoder_randomaccess_main.cfg	Traffic	37	3	5718.9867	36.6372	38.3841	40.6560	768.750
9	encoder_randomaccess_main.cfg	Traffic	37	4	5718.9867	36.6372	38.3841	40.6560	768.840
9	encoder_randomaccess_main.cfg	Traffic	37	5	5718.9867	36.6372	38.3841	40.6560	768.130
9	encoder_randomaccess_main.cfg	Traffic	37	6	5718.9867	36.6372	38.3841	40.6560	768.050
9	encoder_randomaccess_main.cfg	Traffic	37	7	5718.9867	36.6372	38.3841	40.6560	767.990
9	encoder_randomaccess_main.cfg	Traffic	37	8	5718.9867	36.6372	38.3841	40.6560	767.020
9	encoder_randomaccess_main.cfg	Traffic	37	9	5718.9867	36.6372	38.3841	40.6560	770.580
9	encoder_randomaccess_main.cfg	Traffic	37	10	5718.9867	36.6372	38.3841	40.6560	770.710
9	encoder_randomaccess_main.cfg	Traffic	37	11	5718.9867	36.6372	38.3841	40.6560	767.750
9	encoder_randomaccess_main.cfg	Traffic	37	12	5718.9867	36.6372	38.3841	40.6560	768.550
9	encoder_randomaccess_main.cfg	Traffic	37	13	5718.9867	36.6372	38.3841	40.6560	768.020
9	encoder_randomaccess_main.cfg	Traffic	37	14	5718.9867	36.6372	38.3841	40.6560	767.960
9	encoder_randomaccess_main.cfg	Traffic	37	15	5718.9867	36.6372	38.3841	40.6560	775.820
9	encoder_randomaccess_main.cfg	Traffic	37	16	5718.9867	36.6372	38.3841	40.6560	767.920
9	encoder_randomaccess_main.cfg	Traffic	37	17	5718.9867	36.6372	38.3841	40.6560	769.300
9	encoder_randomaccess_main.cfg	Traffic	37	18	5718.9867	36.6372	38.3841	40.6560	768.270
9	encoder_randomaccess_main.cfg	Traffic	37	19	5718.9867	36.6372	38.3841	40.6560	767.980
9	encoder_randomaccess_main.cfg	Traffic	37	20	5718.9867	36.6372	38.3841	40.6560	766.030
9	encoder_randomaccess_main.cfg	Traffic	37	21	5718.9867	36.6372	38.3841	40.6560	767.840
9	encoder_randomaccess_main.cfg	Traffic	37	22	5718.9867	36.6372	38.3841	40.6560	768.220
9	encoder_randomaccess_main.cfg	Traffic	37	23	5718.9867	36.6372	38.3841	40.6560	767.330
9	encoder_randomaccess_main.cfg	Traffic	37	24	5718.9867	36.6372	38.3841	40.6560	768.920
9	encoder_randomaccess_main.cfg	Traffic	37	25	5718.9867	36.6372	38.3841	40.6560	768.280
9	encoder_randomaccess_main.cfg	Traffic	37	26	5718.9867	36.6372	38.3841	40.6560	768.260
9	encoder_randomaccess_main.cfg	Traffic	37	27	5718.9867	36.6372	38.3841	40.6560	767.800
9	encoder_randomaccess_main.cfg	Traffic	37	28	5718.9867	36.6372	38.3841	40.6560	765.340
9	encoder_randomaccess_main.cfg	Traffic	37	29	5718.9867	36.6372	38.3841	40.6560	766.200
9	encoder_randomaccess_main.cfg	Traffic	37	30	5718.9867	36.6372	38.3841	40.6560	767.260
9	encoder_randomaccess_main.cfg	Traffic	37	31	5718.9867	36.6372	38.3841	40.6560	764.820
9	encoder_randomaccess_main.cfg	BasketballDrive	32	0	3279.2444	36.9503	42.3115	42.0696	437.150
9	encoder_randomaccess_main.cfg	BasketballDrive	32	1	3279.2444	36.9503	42.3115	42.0696	434.800
9	encoder_randomaccess_main.cfg	BasketballDrive	32	2	3279.2444	36.9503	42.3115	42.0696	436.350
9	encoder_randomaccess_main.cfg	BasketballDrive	32	3	3279.2444	36.9503	42.3115	42.0696	436.230
9	encoder_randomaccess_main.cfg	BasketballDrive	32	4	3279.2444	36.9503	42.3115	42.0696	435.930
9	encoder_randomaccess_main.cfg	BasketballDrive	32	5	3279.2444	36.9503	42.3115	42.0696	434.410
9	encoder_randomaccess_main.cfg	BasketballDrive	32	6	3279.2444	36.9503	42.3115	42.0696	435.310
9	encoder_randomaccess_main.cfg	BasketballDrive	32	7	3279.2444	36.9503	42.3115	42.0696	438.860
9	encoder_randomaccess_main.cfg	BasketballDrive	32	8	3279.2444	36.9503	42.3115	42.0696	436.030
9	encoder_randomaccess_main.cfg	BasketballDrive	32	9	3279.2444	36.9503	42.3115	42.0696	434.050
9	encoder_randomaccess_main.cfg	BasketballDrive	32	10	3279.2444	36.9503	42.3115	42.0696	436.080
9	encoder_randomaccess_main.cfg	BasketballDrive	32	11	3279.2444	36.9503	42.3115	42.0696	435.540
9	encoder_randomaccess_main.cfg	BasketballDrive	32	12	3279.2444	36.9503	42.3115	42.0696	436.010
9	encoder_randomaccess_main.cfg	BasketballDrive	32	13	3279.2444	36.9503	42.3115	42.0696	437.400
9	encoder_randomaccess_main.cfg	BasketballDrive	32	14	3279.2444	36.9503	42.3115	42.0696	437.510
9	encoder_randomaccess_main.cfg	BasketballDrive	32	15	3279.2444	36.9503	42.3115	42.0696	434.660
9	encoder_randomaccess_main.cfg	BasketballDrive	32	16	3279.2444	36.9503	42.3115	42.0696	440.160
9	encoder_randomaccess_main.cfg	BasketballDrive	32	17	3279.2444	36.9503	42.3115	42.0696	436.240
9	encoder_randomaccess_main.cfg	BasketballDrive	32	18	3279.2444	36.9503	42.3115	42.0696	436.220
9	encoder_randomaccess_main.cfg	BasketballDrive	32	19	3279.2444	36.9503	42.3115	42.0696	438.100
9	encoder_randomaccess_main.cfg	BasketballDrive	32	20	3279.2444	36.9503	42.3115	42.0696	435.800
9	encoder_randomaccess_main.cfg	BasketballDrive	32	21	3279.2444	36.9503	42.3115	42.0696	435.650
9	encoder_randomaccess_main.cfg	BasketballDrive	32	22	3279.2444	36.9503	42.3115	42.0696	435.550
9	encoder_randomaccess_main.cfg	BasketballDrive	32	23	3279.2444	36.9503	42.3115	42.0696	435.490
9	encoder_randomaccess_main.cfg	BasketballDrive	32	24	3279.2444	36.9503	42.3115	42.0696	436.250
9	encoder_randomaccess_main.cfg	BasketballDrive	32	25	3279.2444	36.9503	42.3115	42.0696	436.500
9	encoder_randomaccess_main.cfg	BasketballDrive	32	26	3279.2444	36.9503	42.3115	42.0696	435.090
9	encoder_randomaccess_main.cfg	BasketballDrive	32	27	3279.2444	36.9503	42.3115	42.0696	439.390
9	encoder_randomaccess_main.cfg	BasketballDrive	32	28	3279.2444	36.9503	42.3115	42.0696	435.510
9	encoder_randomaccess_main.cfg	BasketballDrive	32	29	3279.2444	36.9503	42.3115	42.0696	437.340
9	encoder_randomaccess_main.cfg	BasketballDrive	32	30	3279.2444	36.9503	42.3115	42.0696	435.850
9	encoder_randomaccess_main.cfg	BasketballDrive	32	31	3279.2444	36.9503	42.3115	42.0696	437.420
9	encoder_randomaccess_main.cfg	BasketballDrive	37	0	3279.2444	36.9503	42.3115	42.0696	434.940
9	encoder_randomaccess_main.cfg	BasketballDrive	37	1	3279.2444	36.9503	42.3115	42.0696	436.700
9	encoder_randomaccess_main.cfg	BasketballDrive	37	2	3279.2444	36.9503	42.3115	42.0696	435.330
9	encoder_randomaccess_main.cfg	BasketballDrive	37	3	3279.2444	36.9503	42.3115	42.0696	436.380
9	encoder_randomaccess_main.cfg	BasketballDrive	37	4	3279.2444	36.9503	42.3115	42.0696	434.320
9	encoder_randomaccess_main.cfg	BasketballDrive	37	5	3279.2444	36.9503	42.3115	42.0696	434.450
9	encoder_randomaccess_main.cfg	BasketballDrive	37	6	3279.2444	36.9503	42.3115	42.0696	436.320
9	encoder_randomaccess_main.cfg	BasketballDrive	37	7	3279.2444	36.9503	42.3115	42.0696	434.120
9	encoder_randomaccess_main.cfg	BasketballDrive	37	8	3279.2444	36.9503	42.3115	42.0696	436.450
9	encoder_randomaccess_main.cfg	BasketballDrive	37	9	3279.2444	36.9503	42.3115	42.0696	435.080
9	encoder_randomaccess_main.cfg	BasketballDrive	37	10	3279.2444	36.9503	42.3115	42.0696	435.860
9	encoder_randomaccess_main.cfg	BasketballDrive	37	11	3279.2444	36.9503	42.3115	42.0696	434.960
9	encoder_randomaccess_main.cfg	BasketballDrive	37	12	3279.2444	36.9503	42.3115	42.0696	437.910
9	encoder_randomaccess_main.cfg	BasketballDrive	37	13	3279.2444	36.9503	42.3115	42.0696	434.740
9	encoder_randomaccess_main.cfg	BasketballDrive	37	14	3279.2444	36.9503	42.3115	42.0696	435.530
9	encoder_randomaccess_main.cfg	BasketballDrive	37	15	3279.2444	36.9503	42.3115	42.0696	435.610
9	encoder_randomaccess_main.cfg	BasketballDrive	37	16	3279.2444	36.9503	42.3115	42.0696	436.050
9	encoder_randomaccess_main.cfg	BasketballDrive	37	17	3279.2444	36.9503	42.3115	42.0696	435.430
9	encoder_randomaccess_main.cfg	BasketballDrive	37	18	3279.2444	36.9503	42.3115	42.0696	434.670
9	encoder_randomaccess_main.cfg	BasketballDrive	37	19	3279.2444	36.9503	42.3115	42.0696	436.670
9	encoder_randomaccess_main.cfg	BasketballDrive	37	20	3279.2444	36.9503	42.3115	42.0696	435.100
9	encoder_randomaccess_main.cfg	BasketballDrive	37	21	3279.2444	36.9503	42.3115	42.0696	437.240
9	encoder_randomaccess_main.cfg	BasketballDrive	37	22	3279.2444	36.9503	42.3115	42.0696	435.980
9	encoder_randomaccess_main.cfg	BasketballDrive	37	23	3279.2444	36.9503	42.3115	42.0696	435.370
9	encoder_randomaccess_main.cfg	BasketballDrive	37	24	3279.2444	36.9503	42.3115	42.0696	436.380
9	encoder_randomaccess_main.cfg	BasketballDrive	37	25	3279.2444	36.9503	42.3115	42.0696	436.450
9	encoder_randomaccess_main.cfg	BasketballDrive	37	26	3279.2444	36.9503	42.3115	42.0696	435.620
9	encoder_randomaccess_main.cfg	BasketballDrive	37	27	3279.2444	36.9503	42.3115	42.0696	434.410
9	encoder_randomaccess_main.cfg	BasketballDrive	37	28	3279.2444	36.9503	42.3115	42.0696	437.200
9	encoder_randomaccess_main.cfg	BasketballDrive	37	29	3279.2444	36.9503	42.3115	42.0696	434.840
9	encoder_randomaccess_main.cfg	BasketballDrive	37	30	3279.2444	36.9503	42.3115	42.0696	437.230
9	encoder_randomaccess_main.cfg	BasketballDrive	37	31	3279.2444	36.9503	42.3115	42.0696	435.910
9	encoder_randomaccess_main.cfg	BQMall	32	0	1913.1733	34.6887	39.4191	40.3415	75.370
9	encoder_randomaccess_main.cfg	BQMall	32	1	1913.1733	34.6887	39.4191	40.3415	75.170
9	encoder_randomaccess_main.cfg	BQMall	32	2	1913.1733	34.6887	39.4191	40.3415	75.210
9	encoder_randomaccess_main.cfg	BQMall	32	3	1913.1733	34.6887	39.4191	40.3415	75.150
9	encoder_randomaccess_main.cfg	BQMall	32	4	1913.1733	34.6887	39.4191	40.3415	75.200
9	encoder_randomaccess_main.cfg	BQMall	32	5	1913.1733	34.6887	39.4191	40.3415	75.150
9	encoder_randomaccess_main.cfg	BQMall	32	6	1913.1733	34.6887	39.4191	40.3415	75.160
9	encoder_randomaccess_main.cfg	BQMall	32	7	1913.1733	34.6887	39.4191	40.3415	75.270
9	encoder_randomaccess_main.cfg	BQMall	32	8	1913.1733	34.6887	39.4191	40.3415	74.910
9	encoder_randomaccess_main.cfg	BQMall	32	9	1913.1733	34.6887	39.4191	40.3415	75.130
9	encoder_randomaccess_main.cfg	BQMall	32	10	1913.1733	34.6887	39.4191	40.3415	75.830
9	encoder_randomaccess_main.cfg	BQMall	32	11	1913.1733	34.6887	39.4191	40.3415	75.140
9	encoder_randomaccess_main.cfg	BQMall	32	12	1913.1733	34.6887	39.4191	40.3415	75.260
9	encoder_randomaccess_main.cfg	BQMall	32	13	1913.1733	34.6887	39.4191	40.3415	75.230
9	encoder_randomaccess_main.cfg	BQMall	32	14	1913.1733	34.6887	39.4191	40.3415	75.280
9	encoder_randomaccess_main.cfg	BQMall	32	15	1913.1733	34.6887	39.4191	40.3415	75.360
9	encoder_randomaccess_main.cfg	BQMall	32	16	1913.1733	34.6887	39.4191	40.3415	75.310
9	encoder_randomaccess_main.cfg	BQMall	32	17	1913.1733	34.6887	39.4191	40.3415	75.070
9	encoder_randomaccess_main.cfg	BQMall	32	18	1913.1733	34.6887	39.4191	40.3415	74.660
9	encoder_randomaccess_main.cfg	BQMall	32	19	1913.1733	34.6887	39.4191	40.3415	75.310
9	encoder_randomaccess_main.cfg	BQMall	32	20	1913.1733	34.6887	39.4191	40.3415	75.340
9	encoder_randomaccess_main.cfg	BQMall	32	21	1913.1733	34.6887	39.4191	40.3415	75.300
9	encoder_randomaccess_main.cfg	BQMall	32	22	1913.1733	34.6887	39.4191	40.3415	75.210
9	encoder_randomaccess_main.cfg	BQMall	32	23	1913.1733	34.6887	39.4191	40.3415	75.360
9	encoder_randomaccess_main.cfg	BQMall	32	24	1913.1733	34.6887	39.4191	40.3415	75.100
9	encoder_randomaccess_main.cfg	BQMall	32	25	1913.1733	34.6887	39.4191	40.3415	75.300
9	encoder_randomaccess_main.cfg	BQMall	32	26	1913.1733	34.6887	39.4191	40.3415	75.630
9	encoder_randomaccess_main.cfg	BQMall	32	27	1913.1733	34.6887	39.4191	40.3415	74.990
9	encoder_randomaccess_main.cfg	BQMall	32	28	1913.1733	34.6887	39.4191	40.3415	75.020
9	encoder_randomaccess_main.cfg	BQMall	32	29	1913.1733	34.6887	39.4191	40.3415	75.250
9	encoder_randomaccess_main.cfg	BQMall	32	30	1913.1733	34.6887	39.4191	40.3415	75.100
9	encoder_randomaccess_main.cfg	BQMall	32	31	1913.1733	34.6887	39.4191	40.3415	75.280
9	encoder_randomaccess_main.cfg	BQMall	37	0	1913.1733	34.6887	39.4191	40.3415	75.160
9	encoder_randomaccess_main.cfg	BQMall	37	1	1913.1733	34.6887	39.4191	40.3415	75.380
9	encoder_randomaccess_main.cfg	BQMall	37	2	1913.1733	34.6887	39.4191	40.3415	75.220
9	encoder_randomaccess_main.cfg	BQMall	37	3	1913.1733	34.6887	39.4191	40.3415	75.380
9	encoder_randomaccess_main.cfg	BQMall	37	4	1913.1733	34.6887	39.4191	40.3415	75.140
9	encoder_randomaccess_main.cfg	BQMall	37	5	1913.1733	34.6887	39.4191	40.3415	74.770
9	encoder_randomaccess_main.cfg	BQMall	37	6	1913.1733	34.6887	39.4191	40.3415	75.310
9	encoder_randomaccess_main.cfg	BQMall	37	7	1913.1733	34.6887	39.4191	40.3415	75.320
9	encoder_randomaccess_main.cfg	BQMall	37	8	1913.1733	34.6887	39.4191	40.3415	75.270
9	encoder_randomaccess_main.cfg	BQMall	37	9	1913.1733	34.6887	39.4191	40.3415	75.230
9	encoder_randomaccess_main.cfg	BQMall	37	10	1913.1733	34.6887	39.4191	40.3415	75.390
9	encoder_randomaccess_main.cfg	BQMall	37	11	1913.1733	34.6887	39.4191	40.3415	75.140
9	encoder_randomaccess_main.cfg	BQMall	37	12	1913.1733	34.6887	39.4191	40.3415	75.380
9	encoder_randomaccess_main.cfg	BQMall	37	13	1913.1733	34.6887	39.4191	40.3415	75.220
9	encoder_randomaccess_main.cfg	BQMall	37	14	1913.1733	34.6887	39.4191	40.3415	74.810
9	encoder_randomaccess_main.cfg	BQMall	37	15	1913.1733	34.6887	39.4191	40.3415	75.440
9	encoder_randomaccess_main.cfg	BQMall	37	16	1913.1733	34.6887	39.4191	40.3415	75.350
9	encoder_randomaccess_main.cfg	BQMall	37	17	1913.1733	34.6887	39.4191	40.3415	75.280
9	encoder_randomaccess_main.cfg	BQMall	37	18	1913.1733	34.6887	39.4191	40.3415	75.020
9	encoder_randomaccess_main.cfg	BQMall	37	19	1913.1733	34.6887	39.4191	40.3415	75.190
9	encoder_randomaccess_main.cfg	BQMall	37	20	1913.1733	34.6887	39.4191	40.3415	75.290
9	encoder_randomaccess_main.cfg	BQMall	37	21	1913.1733	34.6887	39.4191	40.3415	75.180
9	encoder_randomaccess_main.cfg	BQMall	37	22	1913.1733	34.6887	39.4191	40.3415	75.230
9	encoder_randomaccess_main.cfg	BQMall	37	23	1913.1733	34.6887	39.4191	40.3415	75.090
9	encoder_randomaccess_main.cfg	BQMall	37	24	1913.1733	34.6887	39.4191	40.3415	74.930
9	encoder_randomaccess_main.cfg	BQMall	37	25	1913.1733	34.6887	39.4191	40.3415	75.310
9	encoder_randomaccess_main.cfg	BQMall	37	26	1913.1733	34.6887	39.4191	40.3415	75.310
9	encoder_randomaccess_main.cfg	BQMall	37	27	1913.1733	34.6887	39.4191	40.3415	75.080
9	encoder_randomaccess_main.cfg	BQMall	37	28	1913.1733	34.6887	39.4191	40.3415	75.280
9	encoder_randomaccess_main.cfg	BQMall	37	29	1913.1733	34.6887	39.4191	40.3415	75.290
9	encoder_randomaccess_main.cfg	BQMall	37	30	1913.1733	34.6887	39.4191	40.3415	75.170
9	encoder_randomaccess_main.cfg	BQMall	37	31	1913.1733	34.6887	39.4191	40.3415	75.280
9	encoder_randomaccess_main.cfg	BlowingBubbles	32	0	622.3111	32.5372	36.9334	38.5386	21.270
9	encoder_randomaccess_main.cfg	BlowingBubbles	32	1	622.3111	32.5372	36.9334	38.5386	21.290
9	encoder_randomaccess_main.cfg	BlowingBubbles	32	2	622.3111	32.5372	36.9334	38.5386	21.270
9	encoder_randomaccess_main.cfg	BlowingBubbles	32	3	622.3111	32.5372	36.9334	38.5386	21.260
9	encoder_randomaccess_main.cfg	BlowingBubbles	32	4	622.3111	32.5372	36.9334	38.5386	21.200
9	encoder_randomaccess_main.cfg	BlowingBubbles	32	5	622.3111	32.5372	36.9334	38.5386	21.210
9	encoder_randomaccess_main.cfg	BlowingBubbles	32	6	622.3111	32.5372	36.9334	38.5386	21.240
9	encoder_randomaccess_main.cfg	BlowingBubbles	32	7	622.3111	32.5372	36.9334	38.5386	21.220
9	encoder_randomaccess_main.cfg	BlowingBubbles	32	8	622.3111	32.5372	36.9334	38.5386	21.230
9	encoder_randomaccess_main.cfg	BlowingBubbles	32	9	622.3111	32.5372	36.9334	38.5386	21.250
9	encoder_randomaccess_main.cfg	BlowingBubbles	32	10	622.3111	32.5372	36.9334	38.5386	21.220
9	encoder_randomaccess_main.cfg	BlowingBubbles	32	11	622.3111	32.5372	36.9334	38.5386	21.280
9	encoder_randomaccess_main.cfg	BlowingBubbles	32	12	622.3111	32.5372	36.9334	38.5386	21.320
9	encoder_randomaccess_main.cfg	BlowingBubbles	32	13	622.3111	32.5372	36.9334	38.5386	21.300
9	encoder_randomaccess_main.cfg	BlowingBubbles	32	14	622.3111	32.5372	36.9334	38.5386	21.310
9	encoder_randomaccess_main.cfg	BlowingBubbles	32	15	622.3111	32.5372	36.9334	38.5386	21.280
9	encoder_randomaccess_main.cfg	BlowingBubbles	32	16	622.3111	32.5372	36.9334	38.5386	21.270
9	encoder_randomaccess_main.cfg	BlowingBubbles	32	17	622.3111	32.5372	36.9334	38.5386	21.260
9	encoder_randomaccess_main.cfg	BlowingBubbles	32	18	622.3111	32.5372	36.9334	38.5386	21.290
9	encoder_randomaccess_main.cfg	BlowingBubbles	32	19	622.3111	32.5372	36.9334	38.5386	21.240
9	encoder_randomaccess_main.cfg	BlowingBubbles	32	20	622.3111	32.5372	36.9334	38.5386	21.280
9	encoder_randomaccess_main.cfg	BlowingBubbles	32	21	622.3111	32.5372	36.9334	38.5386	21.250
9	encoder_randomaccess_main.cfg	BlowingBubbles	32	22	622.3111	32.5372	36.9334	38.5386	21.300
9	encoder_randomaccess_main.cfg	BlowingBubbles	32	23	622.3111	32.5372	36.9334	38.5386	21.250
9	encoder_randomaccess_main.cfg	BlowingBubbles	32	24	622.3111	32.5372	36.9334	38.5386	21.300
9	encoder_randomaccess_main.cfg	BlowingBubbles	32	25	622.3111	32.5372	36.9334	38.5386	21.230
9	encoder_randomaccess_main.cfg	BlowingBubbles	32	26	622.3111	32.5372	36.9334	38.5386	21.300
9	encoder_randomaccess_main.cfg	BlowingBubbles	32	27	622.3111	32.5372	36.9334	38.5386	21.300
9	encoder_randomaccess_main.cfg	BlowingBubbles	32	28	622.3111	32.5372	36.9334	38.5386	21.270
9	encoder_randomaccess_main.cfg	BlowingBubbles	32	29	622.3111	32.5372	36.9334	38.5386	21.250
9	encoder_randomaccess_main.cfg	BlowingBubbles	32	30	622.3111	32.5372	36.9334	38.5386	21.300
9	encoder_randomaccess_main.cfg	BlowingBubbles	32	31	622.3111	32.5372	36.9334	38.5386	21.250
9	encoder_randomaccess_main.cfg	BlowingBubbles	37	0	622.3111	32.5372	36.9334	38.5386	21.300
9	encoder_randomaccess_main.cfg	BlowingBubbles	37	1	622.3111	32.5372	36.9334	38.5386	21.280
9	encoder_randomaccess_main.cfg	BlowingBubbles	37	2	622.3111	32.5372	36.9334	38.5386	21.290
9	encoder_randomaccess_main.cfg	BlowingBubbles	37	3	622.3111	32.5372	36.9334	38.5386	21.270
9	encoder_randomaccess_main.cfg	BlowingBubbles	37	4	622.3111	32.5372	36.9334	38.5386	21.280
9	encoder_randomaccess_main.cfg	BlowingBubbles	37	5	622.3111	32.5372	36.9334	38.5386	21.280
9	encoder_randomaccess_main.cfg	BlowingBubbles	37	6	622.3111	32.5372	36.9334	38.5386	21.250
9	encoder_randomaccess_main.cfg	BlowingBubbles	37	7	622.3111	32.5372	36.9334	38.5386	21.260
9	encoder_randomaccess_main.cfg	BlowingBubbles	37	8	622.3111	32.5372	36.9334	38.5386	21.210
9	encoder_randomaccess_main.cfg	BlowingBubbles	37	9	622.3111	32.5372	36.9334	38.5386	21.260
9	encoder_randomaccess_main.cfg	BlowingBubbles	37	10	622.3111	32.5372	36.9334	38.5386	21.280
9	encoder_randomaccess_main.cfg	BlowingBubbles	37	11	622.3111	32.5372	36.9334	38.5386	21.270
9	encoder_randomaccess_main.cfg	BlowingBubbles	37	12	622.3111	32.5372	36.9334	38.5386	21.310
9	encoder_randomaccess_main.cfg	BlowingBubbles	37	13	622.3111	32.5372	36.9334	38.5386	21.260
9	encoder_randomaccess_main.cfg	BlowingBubbles	37	14	622.3111	32.5372	36.9334	38.5386	21.250
9	encoder_randomaccess_main.cfg	BlowingBubbles	37	15	622.3111	32.5372	36.9334	38.5386	21.270
9	encoder_randomaccess_main.cfg	BlowingBubbles	37	16	622.3111	32.5372	36.9334	38.5386	21.240
9	encoder_randomaccess_main.cfg	BlowingBubbles	37	17	622.3111	32.5372	36.9334	38.5386	21.310
9	encoder_randomaccess_main.cfg	BlowingBubbles	37	18	622.3111	32.5372	36.9334	38.5386	21.300
9	encoder_randomaccess_main.cfg	BlowingBubbles	37	19	622.3111	32.5372	36.9334	38.5386	21.280
9	encoder_randomaccess_main.cfg	BlowingBubbles	37	20	622.3111	32.5372	36.9334	38.5386	21.250
9	encoder_randomaccess_main.cfg	BlowingBubbles	37	21	622.3111	32.5372	36.9334	38.5386	21.260
9	encoder_randomaccess_main.cfg	BlowingBubbles	37	22	622.3111	32.5372	36.9334	38.5386	21.290
9	encoder_randomaccess_main.cfg	BlowingBubbles	37	23	622.3111	32.5372	36.9334	38.5386	21.340
9	encoder_randomaccess_main.cfg	BlowingBubbles	37	24	622.3111	32.5372	36.9334	38.5386	21.280
9	encoder_randomaccess_main.cfg	BlowingBubbles	37	25	622.3111	32.5372	36.9334	38.5386	21.270
9	encoder_randomaccess_main.cfg	BlowingBubbles	37	26	622.3111	32.5372	36.9334	38.5386	21.290
9	encoder_randomaccess_main.cfg	BlowingBubbles	37	27	622.3111	32.5372	36.9334	38.5386	21.320
9	encoder_randomaccess_main.cfg	BlowingBubbles	37	28	622.3111	32.5372	36.9334	38.5386	21.260
9	encoder_randomaccess_main.cfg	BlowingBubbles	37	29	622.3111	32.5372	36.9334	38.5386	21.290
9	encoder_randomaccess_main.cfg	BlowingBubbles	37	30	622.3111	32.5372	36.9334	38.5386	21.290
9	encoder_randomaccess_main.cfg	BlowingBubbles	37	31	622.3111	32.5372	36.9334	38.5386	21.270
9	encoder_lowdelay_main.cfg	Traffic	32	0	5475.2533	36.2625	38.0818	40.3342	959.040
9	encoder_lowdelay_main.cfg	Traffic	32	1	5475.2533	36.2625	38.0818	40.3342	957.670
9	encoder_lowdelay_main.cfg	Traffic	32	2	5475.2533	36.2625	38.0818	40.3342	957.150
9	encoder_lowdelay_main.cfg	Traffic	32	3	5475.2533	36.2625	38.0818	40.3342	959.570
9	encoder_lowdelay_main.cfg	Traffic	32	4	5475.2533	36.2625	38.0818	40.3342	958.750
9	encoder_lowdelay_main.cfg	Traffic	32	5	5475.2533	36.2625	38.0818	40.3342	957.790
9	encoder_lowdelay_main.cfg	Traffic	32	6	5475.2533	36.2625	38.0818	40.3342	959.310
9	encoder_lowdelay_main.cfg	Traffic	32	7	5475.2533	36.2625	38.0818	40.3342	958.440
9	encoder_lowdelay_main.cfg	Traffic	32	8	5475.2533	36.2625	38.0818	40.3342	957.810
9	encoder_lowdelay_main.cfg	Traffic	32	9	5475.2533	36.2625	38.0818	40.3342	958.310
9	encoder_lowdelay_main.cfg	Traffic	32	10	5475.2533	36.2625	38.0818	40.3342	957.620
9	encoder_lowdelay_main.cfg	Traffic	32	11	5475.2533	36.2625	38.0818	40.3342	957.480
9	encoder_lowdelay_main.cfg	Traffic	32	12	5475.2533	36.2625	38.0818	40.3342	961.140
9	encoder_lowdelay_main.cfg	Traffic	32	13	5475.2533	36.2625	38.0818	40.3342	957.450
9	encoder_lowdelay_main.cfg	Traffic	32	14	5475.2533	36.2625	38.0818	40.3342	959.030
9	encoder_lowdelay_main.cfg	Traffic	32	15	5475.2533	36.2625	38.0818	40.3342	960.140
9	encoder_lowdelay_main.cfg	Traffic	32	16	5475.2533	36.2625	38.0818	40.3342	960.620
9	encoder_lowdelay_main.cfg	Traffic	32	17	5475.2533	36.2625	38.0818	40.3342	962.380
9	encoder_lowdelay_main.cfg	Traffic	32	18	5475.2533	36.2625	38.0818	40.3342	962.830
9	encoder_lowdelay_main.cfg	Traffic	32	19	5475.2533	36.2625	38.0818	40.3342	959.820
9	encoder_lowdelay_main.cfg	Traffic	32	20	5475.2533	36.2625	38.0818	40.3342	958.600
9	encoder_lowdelay_main.cfg	Traffic	32	21	5475.2533	36.2625	38.0818	40.3342	958.540
9	encoder_lowdelay_main.cfg	Traffic	32	22	5475.2533	36.2625	38.0818	40.3342	959.170
9	encoder_lowdelay_main.cfg	Traffic	32	23	5475.2533	36.2625	38.0818	40.3342	958.830
9	encoder_lowdelay_main.cfg	Traffic	32	24	5475.2533	36.2625	38.0818	40.3342	959.410
9	encoder_lowdelay_main.cfg	Traffic	32	25	5475.2533	36.2625	38.0818	40.3342	958.580
9	encoder_lowdelay_main.cfg	Traffic	32	26	5475.2533	36.2625	38.0818	40.3342	957.970
9	encoder_lowdelay_main.cfg	Traffic	32	27	5475.2533	36.2625	38.0818	40.3342	958.760
9	encoder_lowdelay_main.cfg	Traffic	32	28	5475.2533	36.2625	38.0818	40.3342	959.570
9	encoder_lowdelay_main.cfg	Traffic	32	29	5475.2533	36.2625	38.0818	40.3342	957.450
9	encoder_lowdelay_main.cfg	Traffic	32	30	5475.2533	36.2625	38.0818	40.3342	959.620
9	encoder_lowdelay_main.cfg	Traffic	32	31	5475.2533	36.2625	38.0818	40.3342	957.660
9	encoder_lowdelay_main.cfg	Traffic	37	0	5475.2533	36.2625	38.0818	40.3342	958.060
9	encoder_lowdelay_main.cfg	Traffic	37	1	5475.2533	36.2625	38.0818	40.3342	959.910
9	encoder_lowdelay_main.cfg	Traffic	37	2	5475.2533	36.2625	38.0818	40.3342	962.640
9	encoder_lowdelay_main.cfg	Traffic	37	3	5475.2533	36.2625	38.0818	40.3342	957.730
9	encoder_lowdelay_main.cfg	Traffic	37	4	5475.2533	36.2625	38.0818	40.3342	958.240
9	encoder_lowdelay_main.cfg	Traffic	37	5	5475.2533	36.2625	38.0818	40.3342	957.570
9	encoder_lowdelay_main.cfg	Traffic	37	6	5475.2533	36.2625	38.0818	40.3342	958.040
9	encoder_lowdelay_main.cfg	Traffic	37	7	5475.2533	36.2625	38.0818	40.3342	959.240
9	encoder_lowdelay_main.cfg	Traffic	37	8	5475.2533	36.2625	38.0818	40.3342	957.080
9	encoder_lowdelay_main.cfg	Traffic	37	9	5475.2533	36.2625	38.0818	40.3342	959.060
9	encoder_lowdelay_main.cfg	Traffic	37	10	5475.2533	36.2625	38.0818	40.3342	959.620
9	encoder_lowdelay_main.cfg	Traffic	37	11	5475.2533	36.2625	38.0818	40.3342	959.730
9	encoder_lowdelay_main.cfg	Traffic	37	12	5475.2533	36.2625	38.0818	40.3342	959.490
9	encoder_lowdelay_main.cfg	Traffic	37	13	5475.2533	36.2625	38.0818	40.3342	958.720
9	encoder_lowdelay_main.cfg	Traffic	37	14	5475.2533	36.2625	38.0818	40.3342	959.280
9	encoder_lowdelay_main.cfg	Traffic	37	15	5475.2533	36.2625	38.0818	40.3342	963.950
9	encoder_lowdelay_main.cfg	Traffic	37	16	5475.2533	36.2625	38.0818	40.3342	959.590
9	encoder_lowdelay_main.cfg	Traffic	37	17	5475.2533	36.2625	38.0818	40.3342	959.010
9	encoder_lowdelay_main.cfg	Traffic	37	18	5475.2533	36.2625	38.0818	40.3342	957.640
9	encoder_lowdelay_main.cfg	Traffic	37	19	5475.2533	36.2625	38.0818	40.3342	959.150
9	encoder_lowdelay_main.cfg	Traffic	37	20	5475.2533	36.2625	38.0818	40.3342	958.920
9	encoder_lowdelay_main.cfg	Traffic	37	21	5475.2533	36.2625	38.0818	40.3342	958.530
9	encoder_lowdelay_main.cfg	Traffic	37	22	5475.2533	36.2625	38.0818	40.3342	957.220
9	encoder_lowdelay_main.cfg	Traffic	37	23	5475.2533	36.2625	38.0818	40.3342	966.460
9	encoder_lowdelay_main.cfg	Traffic	37	24	5475.2533	36.2625	38.0818	40.3342	958.250
9	encoder_lowdelay_main.cfg	Traffic	37	25	5475.2533	36.2625	38.0818	40.3342	960.020
9	encoder_lowdelay_main.cfg	Traffic	37	26	5475.2533	36.2625	38.0818	40.3342	958.280
9	encoder_lowdelay_main.cfg	Traffic	37	27	5475.2533	36.2625	38.0818	40.3342	958.440
9	encoder_lowdelay_main.cfg	Traffic	37	28	5475.2533	36.2625	38.0818	40.3342	957.610
9	encoder_lowdelay_main.cfg	Traffic	37	29	5475.2533	36.2625	38.0818	40.3342	958.520
9	encoder_lowdelay_main.cfg	Traffic	37	30	5475.2533	36.2625	38.0818	40.3342	958.900
9	encoder_lowdelay_main.cfg	Traffic	37	31	5475.2533	36.2625	38.0818	40.3342	962.070
9	encoder_lowdelay_main.cfg	BasketballDrive	32	0	3396.5778	36.9861	42.1197	41.8837	530.020
9	encoder_lowdelay_main.cfg	BasketballDrive	32	1	3396.5778	36.9861	42.1197	41.8837	531.470
9	encoder_lowdelay_main.cfg	BasketballDrive	32	2	3396.5778	36.9861	42.1197	41.8837	530.490
9	encoder_lowdelay_main.cfg	BasketballDrive	32	3	3396.5778	36.9861	42.1197	41.8837	530.100
9	encoder_lowdelay_main.cfg	BasketballDrive	32	4	3396.5778	36.9861	42.1197	41.8837	529.520
9	encoder_lowdelay_main.cfg	BasketballDrive	32	5	3396.5778	36.9861	42.1197	41.8837	531.530
9	encoder_lowdelay_main.cfg	BasketballDrive	32	6	3396.5778	36.9861	42.1197	41.8837	530.140
9	encoder_lowdelay_main.cfg	BasketballDrive	32	7	3396.5778	36.9861	42.1197	41.8837	531.700
9	encoder_lowdelay_main.cfg	BasketballDrive	32	8	3396.5778	36.9861	42.1197	41.8837	529.250
9	encoder_lowdelay_main.cfg	BasketballDrive	32	9	3396.5778	36.9861	42.1197	41.8837	531.370
9	encoder_lowdelay_main.cfg	BasketballDrive	32	10	3396.5778	36.9861	42.1197	41.8837	533.850
9	encoder_lowdelay_main.cfg	BasketballDrive	32	11	3396.5778	36.9861	42.1197	41.8837	531.420
9	encoder_lowdelay_main.cfg	BasketballDrive	32	12	3396.5778	36.9861	42.1197	41.8837	530.070
9	encoder_lowdelay_main.cfg	BasketballDrive	32	13	3396.5778	36.9861	42.1197	41.8837	531.520
9	encoder_lowdelay_main.cfg	BasketballDrive	32	14	3396.5778	36.9861	42.1197	41.8837	531.770
9	encoder_lowdelay_main.cfg	BasketballDrive	32	15	3396.5778	36.9861	42.1197	41.8837	531.030
9	encoder_lowdelay_main.cfg	BasketballDrive	32	16	3396.5778	36.9861	42.1197	41.8837	530.950
9	encoder_lowdelay_main.cfg	BasketballDrive	32	17	3396.5778	36.9861	42.1197	41.8837	531.780
9	encoder_lowdelay_main.cfg	BasketballDrive	32	18	3396.5778	36.9861	42.1197	41.8837	529.710
9	encoder_lowdelay_main.cfg	BasketballDrive	32	19	3396.5778	36.9861	42.1197	41.8837	531.210
9	encoder_lowdelay_main.cfg	BasketballDrive	32	20	3396.5778	36.9861	42.1197	41.8837	530.650
9	encoder_lowdelay_main.cfg	BasketballDrive	32	21	3396.5778	36.9861	42.1197	41.8837	531.280
9	encoder_lowdelay_main.cfg	BasketballDrive	32	22	3396.5778	36.9861	42.1197	41.8837	532.530
9	encoder_lowdelay_main.cfg	BasketballDrive	32	23	3396.5778	36.9861	42.1197	41.8837	531.200
9	encoder_lowdelay_main.cfg	BasketballDrive	32	24	3396.5778	36.9861	42.1197	41.8837	532.000
9	encoder_lowdelay_main.cfg	BasketballDrive	32	25	3396.5778	36.9861	42.1197	41.8837	530.930
9	encoder_lowdelay_main.cfg	BasketballDrive	32	26	3396.5778	36.9861	42.1197	41.8837	531.290
9	encoder_lowdelay_main.cfg	BasketballDrive	32	27	3396.5778	36.9861	42.1197	41.8837	530.480
9	encoder_lowdelay_main.cfg	BasketballDrive	32	28	3396.5778	36.9861	42.1197	41.8837	530.590
9	encoder_lowdelay_main.cfg	BasketballDrive	32	29	3396.5778	36.9861	42.1197	41.8837	532.270
9	encoder_lowdelay_main.cfg	BasketballDrive	32	30	3396.5778	36.9861	42.1197	41.8837	530.420
9	encoder_lowdelay_main.cfg	BasketballDrive	32	31	3396.5778	36.9861	42.1197	41.8837	530.500
9	encoder_lowdelay_main.cfg	BasketballDrive	37	0	3396.5778	36.9861	42.1197	41.8837	530.470
9	encoder_lowdelay_main.cfg	BasketballDrive	37	1	3396.5778	36.9861	42.1197	41.8837	534.620
9	encoder_lowdelay_main.cfg	BasketballDrive	37	2	3396.5778	36.9861	42.1197	41.8837	529.990
9	encoder_lowdelay_main.cfg	BasketballDrive	37	3	3396.5778	36.9861	42.1197	41.8837	532.100
9	encoder_lowdelay_main.cfg	BasketballDrive	37	4	3396.5778	36.9861	42.1197	41.8837	530.760
9	encoder_lowdelay_main.cfg	BasketballDrive	37	5	3396.5778	36.9861	42.1197	41.8837	531.520
9	encoder_lowdelay_main.cfg	BasketballDrive	37	6	3396.5778	36.9861	42.1197	41.8837	531.830
9	encoder_lowdelay_main.cfg	BasketballDrive	37	7	3396.5778	36.9861	42.1197	41.8837	530.420
9	encoder_lowdelay_main.cfg	BasketballDrive	37	8	3396.5778	36.9861	42.1197	41.8837	532.290
9	encoder_lowdelay_main.cfg	BasketballDrive	37	9	3396.5778	36.9861	42.1197	41.8837	529.820
9	encoder_lowdelay_main.cfg	BasketballDrive	37	10	3396.5778	36.9861	42.1197	41.8837	530.740
9	encoder_lowdelay_main.cfg	BasketballDrive	37	11	3396.5778	36.9861	42.1197	41.8837	532.250
9	encoder_lowdelay_main.cfg	BasketballDrive	37	12	3396.5778	36.9861	42.1197	41.8837	531.760
9	encoder_lowdelay_main.cfg	BasketballDrive	37	13	3396.5778	36.9861	42.1197	41.8837	532.130
9	encoder_lowdelay_main.cfg	BasketballDrive	37	14	3396.5778	36.9861	42.1197	41.8837	530.290
9	encoder_lowdelay_main.cfg	BasketballDrive	37	15	3396.5778	36.9861	42.1197	41.8837	533.720
9	encoder_lowdelay_main.cfg	BasketballDrive	37	16	3396.5778	36.9861	42.1197	41.8837	530.200
9	encoder_lowdelay_main.cfg	BasketballDrive	37	17	3396.5778	36.9861	42.1197	41.8837	531.540
9	encoder_lowdelay_main.cfg	BasketballDrive	37	18	3396.5778	36.9861	42.1197	41.8837	532.340
9	encoder_lowdelay_main.cfg	BasketballDrive	37	19	3396.5778	36.9861	42.1197	41.8837	530.800
9	encoder_lowdelay_main.cfg	BasketballDrive	37	20	3396.5778	36.9861	42.1197	41.8837	532.540
9	encoder_lowdelay_main.cfg	BasketballDrive	37	21	3396.5778	36.9861	42.1197	41.8837	529.310
9	encoder_lowdelay_main.cfg	BasketballDrive	37	22	3396.5778	36.9861	42.1197	41.8837	531.250
9	encoder_lowdelay_main.cfg	BasketballDrive	37	23	3396.5778	36.9861	42.1197	41.8837	533.560
9	encoder_lowdelay_main.cfg	BasketballDrive	37	24	3396.5778	36.9861	42.1197	41.8837	531.940
9	encoder_lowdelay_main.cfg	BasketballDrive	37	25	3396.5778	36.9861	42.1197	41.8837	531.580
9	encoder_lowdelay_main.cfg	BasketballDrive	37	26	3396.5778	36.9861	42.1197	41.8837	530.160
9	encoder_lowdelay_main.cfg	BasketballDrive	37	27	3396.5778	36.9861	42.1197	41.8837	531.950
9	encoder_lowdelay_main.cfg	BasketballDrive	37	28	3396.5778	36.9861	42.1197	41.8837	530.840
9	encoder_lowdelay_main.cfg	BasketballDrive	37	29	3396.5778	36.9861	42.1197	41.8837	532.690
9	encoder_lowdelay_main.cfg	BasketballDrive	37	30	3396.5778	36.9861	42.1197	41.8837	531.720
9	encoder_lowdelay_main.cfg	BasketballDrive	37	31	3396.5778	36.9861	42.1197	41.8837	532.640
9	encoder_lowdelay_main.cfg	BQMall	32	0	1879.8933	34.2548	39.0597	39.9589	93.210
9	encoder_lowdelay_main.cfg	BQMall	32	1	1879.8933	34.2548	39.0597	39.9589	92.840
9	encoder_lowdelay_main.cfg	BQMall	32	2	1879.8933	34.2548	39.0597	39.9589	93.170
9	encoder_lowdelay_main.cfg	BQMall	32	3	1879.8933	34.2548	39.0597	39.9589	93.050
9	encoder_lowdelay_main.cfg	BQMall	32	4	1879.8933	34.2548	39.0597	39.9589	92.870
9	encoder_lowdelay_main.cfg	BQMall	32	5	1879.8933	34.2548	39.0597	39.9589	92.690
9	encoder_lowdelay_main.cfg	BQMall	32	6	1879.8933	34.2548	39.0597	39.9589	93.000
9	encoder_lowdelay_main.cfg	BQMall	32	7	1879.8933	34.2548	39.0597	39.9589	93.050
9	encoder_lowdelay_main.cfg	BQMall	32	8	1879.8933	34.2548	39.0597	39.9589	93.130
9	encoder_lowdelay_main.cfg	BQMall	32	9	1879.8933	34.2548	39.0597	39.9589	93.110
9	encoder_lowdelay_main.cfg	BQMall	32	10	1879.8933	34.2548	39.0597	39.9589	93.070
9	encoder_lowdelay_main.cfg	BQMall	32	11	1879.8933	34.2548	39.0597	39.9589	93.000
9	encoder_lowdelay_main.cfg	BQMall	32	12	1879.8933	34.2548	39.0597	39.9589	93.200
9	encoder_lowdelay_main.cfg	BQMall	32	13	1879.8933	34.2548	39.0597	39.9589	92.670
9	encoder_lowdelay_main.cfg	BQMall	32	14	1879.8933	34.2548	39.0597	39.9589	93.260
9	encoder_lowdelay_main.cfg	BQMall	32	15	1879.8933	34.2548	39.0597	39.9589	93.740
9	encoder_lowdelay_main.cfg	BQMall	32	16	1879.8933	34.2548	39.0597	39.9589	93.310
9	encoder_lowdelay_main.cfg	BQMall	32	17	1879.8933	34.2548	39.0597	39.9589	93.030
9	encoder_lowdelay_main.cfg	BQMall	32	18	1879.8933	34.2548	39.0597	39.9589	93.040
9	encoder_lowdelay_main.cfg	BQMall	32	19	1879.8933	34.2548	39.0597	39.9589	93.180
9	encoder_lowdelay_main.cfg	BQMall	32	20	1879.8933	34.2548	39.0597	39.9589	93.110
9	encoder_lowdelay_main.cfg	BQMall	32	21	1879.8933	34.2548	39.0597	39.9589	92.900
9	encoder_lowdelay_main.cfg	BQMall	32	22	1879.8933	34.2548	39.0597	39.9589	93.160
9	encoder_lowdelay_main.cfg	BQMall	32	23	1879.8933	34.2548	39.0597	39.9589	92.850
9	encoder_lowdelay_main.cfg	BQMall	32	24	1879.8933	34.2548	39.0597	39.9589	92.980
9	encoder_lowdelay_main.cfg	BQMall	32	25	1879.8933	34.2548	39.0597	39.9589	93.030
9	encoder_lowdelay_main.cfg	BQMall	32	26	1879.8933	34.2548	39.0597	39.9589	92.910
9	encoder_lowdelay_main.cfg	BQMall	32	27	1879.8933	34.2548	39.0597	39.9589	93.030
9	encoder_lowdelay_main.cfg	BQMall	32	28	1879.8933	34.2548	39.0597	39.9589	92.980
9	encoder_lowdelay_main.cfg	BQMall	32	29	1879.8933	34.2548	39.0597	39.9589	93.270
9	encoder_lowdelay_main.cfg	BQMall	32	30	1879.8933	34.2548	39.0597	39.9589	93.210
9	encoder_lowdelay_main.cfg	BQMall	32	31	1879.8933	34.2548	39.0597	39.9589	93.160
9	encoder_lowdelay_main.cfg	BQMall	37	0	1879.8933	34.2548	39.0597	39.9589	93.190
9	encoder_lowdelay_main.cfg	BQMall	37	1	1879.8933	34.2548	39.0597	39.9589	92.910
9	encoder_lowdelay_main.cfg	BQMall	37	2	1879.8933	34.2548	39.0597	39.9589	92.910
9	encoder_lowdelay_main.cfg	BQMall	37	3	1879.8933	34.2548	39.0597	39.9589	93.200
9	encoder_lowdelay_main.cfg	BQMall	37	4	1879.8933	34.2548	39.0597	39.9589	93.040
9	encoder_lowdelay_main.cfg	BQMall	37	5	1879.8933	34.2548	39.0597	39.9589	93.080
9	encoder_lowdelay_main.cfg	BQMall	37	6	1879.8933	34.2548	39.0597	39.9589	93.030
9	encoder_lowdelay_main.cfg	BQMall	37	7	1879.8933	34.2548	39.0597	39.9589	92.940
9	encoder_lowdelay_main.cfg	BQMall	37	8	1879.8933	34.2548	39.0597	39.9589	93.010
9	encoder_lowdelay_main.cfg	BQMall	37	9	1879.8933	34.2548	39.0597	39.9589	92.870
9	encoder_lowdelay_main.cfg	BQMall	37	10	1879.8933	34.2548	39.0597	39.9589	92.830
9	encoder_lowdelay_main.cfg	BQMall	37	11	1879.8933	34.2548	39.0597	39.9589	93.120
9	encoder_lowdelay_main.cfg	BQMall	37	12	1879.8933	34.2548	39.0597	39.9589	92.920
9	encoder_lowdelay_main.cfg	BQMall	37	13	1879.8933	34.2548	39.0597	39.9589	92.730
9	encoder_lowdelay_main.cfg	BQMall	37	14	1879.8933	34.2548	39.0597	39.9589	92.950
9	encoder_lowdelay_main.cfg	BQMall	37	15	1879.8933	34.2548	39.0597	39.9589	93.160
9	encoder_lowdelay_main.cfg	BQMall	37	16	1879.8933	34.2548	39.0597	39.9589	93.010
9	encoder_lowdelay_main.cfg	BQMall	37	17	1879.8933	34.2548	39.0597	39.9589	93.110
9	encoder_lowdelay_main.cfg	BQMall	37	18	1879.8933	34.2548	39.0597	39.9589	93.300
9	encoder_lowdelay_main.cfg	BQMall	37	19	1879.8933	34.2548	39.0597	39.9589	93.030
9	encoder_lowdelay_main.cfg	BQMall	37	20	1879.8933	34.2548	39.0597	39.9589	92.900
9	encoder_lowdelay_main.cfg	BQMall	37	21	1879.8933	34.2548	39.0597	39.9589	93.050
9	encoder_lowdelay_main.cfg	BQMall	37	22	1879.8933	34.2548	39.0597	39.9589	93.040
9	encoder_lowdelay_main.cfg	BQMall	37	23	1879.8933	34.2548	39.0597	39.9589	92.890
9	encoder_lowdelay_main.cfg	BQMall	37	24	1879.8933	34.2548	39.0597	39.9589	92.840
9	encoder_lowdelay_main.cfg	BQMall	37	25	1879.8933	34.2548	39.0597	39.9589	93.160
9	encoder_lowdelay_main.cfg	BQMall	37	26	1879.8933	34.2548	39.0597	39.9589	93.120
9	encoder_lowdelay_main.cfg	BQMall	37	27	1879.8933	34.2548	39.0597	39.9589	92.810
9	encoder_lowdelay_main.cfg	BQMall	37	28	1879.8933	34.2548	39.0597	39.9589	92.980
9	encoder_lowdelay_main.cfg	BQMall	37	29	1879.8933	34.2548	39.0597	39.9589	92.680
9	encoder_lowdelay_main.cfg	BQMall	37	30	1879.8933	34.2548	39.0597	39.9589	93.450
9	encoder_lowdelay_main.cfg	BQMall	37	31	1879.8933	34.2548	39.0597	39.9589	93.200
9	encoder_lowdelay_main.cfg	BlowingBubbles	32	0	622.4889	32.1129	36.5053	38.0698	27.190
9	encoder_lowdelay_main.cfg	BlowingBubbles	32	1	622.4889	32.1129	36.5053	38.0698	27.200
9	encoder_lowdelay_main.cfg	BlowingBubbles	32	2	622.4889	32.1129	36.5053	38.0698	27.220
9	encoder_lowdelay_main.cfg	BlowingBubbles	32	3	622.4889	32.1129	36.5053	38.0698	27.140
9	encoder_lowdelay_main.cfg	BlowingBubbles	32	4	622.4889	32.1129	36.5053	38.0698	27.140
9	encoder_lowdelay_main.cfg	BlowingBubbles	32	5	622.4889	32.1129	36.5053	38.0698	27.200
9	encoder_lowdelay_main.cfg	BlowingBubbles	32	6	622.4889	32.1129	36.5053	38.0698	27.200
9	encoder_lowdelay_main.cfg	BlowingBubbles	32	7	622.4889	32.1129	36.5053	38.0698	27.240
9	encoder_lowdelay_main.cfg	BlowingBubbles	32	8	622.4889	32.1129	36.5053	38.0698	27.180
9	encoder_lowdelay_main.cfg	BlowingBubbles	32	9	622.4889	32.1129	36.5053	38.0698	27.120
9	encoder_lowdelay_main.cfg	BlowingBubbles	32	10	622.4889	32.1129	36.5053	38.0698	27.160
9	encoder_lowdelay_main.cfg	BlowingBubbles	32	11	622.4889	32.1129	36.5053	38.0698	27.260
9	encoder_lowdelay_main.cfg	BlowingBubbles	32	12	622.4889	32.1129	36.5053	38.0698	27.230
9	encoder_lowdelay_main.cfg	BlowingBubbles	32	13	622.4889	32.1129	36.5053	38.0698	27.160
9	encoder_lowdelay_main.cfg	BlowingBubbles	32	14	622.4889	32.1129	36.5053	38.0698	27.210
9	encoder_lowdelay_main.cfg	BlowingBubbles	32	15	622.4889	32.1129	36.5053	38.0698	27.190
9	encoder_lowdelay_main.cfg	BlowingBubbles	32	16	622.4889	32.1129	36.5053	38.0698	27.150
9	encoder_lowdelay_main.cfg	BlowingBubbles	32	17	622.4889	32.1129	36.5053	38.0698	27.190
9	encoder_lowdelay_main.cfg	BlowingBubbles	32	18	622.4889	32.1129	36.5053	38.0698	27.180
9	encoder_lowdelay_main.cfg	BlowingBubbles	32	19	622.4889	32.1129	36.5053	38.0698	27.200
9	encoder_lowdelay_main.cfg	BlowingBubbles	32	20	622.4889	32.1129	36.5053	38.0698	27.240
9	encoder_lowdelay_main.cfg	BlowingBubbles	32	21	622.4889	32.1129	36.5053	38.0698	27.260
9	encoder_lowdelay_main.cfg	BlowingBubbles	32	22	622.4889	32.1129	36.5053	38.0698	27.170
9	encoder_lowdelay_main.cfg	BlowingBubbles	32	23	622.4889	32.1129	36.5053	38.0698	27.360
9	encoder_lowdelay_main.cfg	BlowingBubbles	32	24	622.4889	32.1129	36.5053	38.0698	27.240
9	encoder_lowdelay_main.cfg	BlowingBubbles	32	25	622.4889	32.1129	36.5053	38.0698	27.190
9	encoder_lowdelay_main.cfg	BlowingBubbles	32	26	622.4889	32.1129	36.5053	38.0698	27.180
9	encoder_lowdelay_main.cfg	BlowingBubbles	32	27	622.4889	32.1129	36.5053	38.0698	27.140
9	encoder_lowdelay_main.cfg	BlowingBubbles	32	28	622.4889	32.1129	36.5053	38.0698	27.180
9	encoder_lowdelay_main.cfg	BlowingBubbles	32	29	622.4889	32.1129	36.5053	38.0698	27.160
9	encoder_lowdelay_main.cfg	BlowingBubbles	32	30	622.4889	32.1129	36.5053	38.0698	27.220
9	encoder_lowdelay_main.cfg	BlowingBubbles	32	31	622.4889	32.1129	36.5053	38.0698	27.210
9	encoder_lowdelay_main.cfg	BlowingBubbles	37	0	622.4889	32.1129	36.5053	38.0698	27.160
9	encoder_lowdelay_main.cfg	BlowingBubbles	37	1	622.4889	32.1129	36.5053	38.0698	27.120
9	encoder_lowdelay_main.cfg	BlowingBubbles	37	2	622.4889	32.1129	36.5053	38.0698	27.200
9	encoder_lowdelay_main.cfg	BlowingBubbles	37	3	622.4889	32.1129	36.5053	38.0698	27.160
9	encoder_lowdelay_main.cfg	BlowingBubbles	37	4	622.4889	32.1129	36.5053	38.0698	27.210
9	encoder_lowdelay_main.cfg	BlowingBubbles	37	5	622.4889	32.1129	36.5053	38.0698	27.210
9	encoder_lowdelay_main.cfg	BlowingBubbles	37	6	622.4889	32.1129	36.5053	38.0698	27.230
9	encoder_lowdelay_main.cfg	BlowingBubbles	37	7	622.4889	32.1129	36.5053	38.0698	27.200
9	encoder_lowdelay_main.cfg	BlowingBubbles	37	8	622.4889	32.1129	36.5053	38.0698	27.180
9	encoder_lowdelay_main.cfg	BlowingBubbles	37	9	622.4889	32.1129	36.5053	38.0698	27.220
9	encoder_lowdelay_main.cfg	BlowingBubbles	37	10	622.4889	32.1129	36.5053	38.0698	27.180
9	encoder_lowdelay_main.cfg	BlowingBubbles	37	11	622.4889	32.1129	36.5053	38.0698	27.200
9	encoder_lowdelay_main.cfg	BlowingBubbles	37	12	622.4889	32.1129	36.5053	38.0698	27.130
9	encoder_lowdelay_main.cfg	BlowingBubbles	37	13	622.4889	32.1129	36.5053	38.0698	27.230
9	encoder_lowdelay_main.cfg	BlowingBubbles	37	14	622.4889	32.1129	36.5053	38.0698	27.260
9	encoder_lowdelay_main.cfg	BlowingBubbles	37	15	622.4889	32.1129	36.5053	38.0698	27.280
9	encoder_lowdelay_main.cfg	BlowingBubbles	37	16	622.4889	32.1129	36.5053	38.0698	27.150
9	encoder_lowdelay_main.cfg	BlowingBubbles	37	17	622.4889	32.1129	36.5053	38.0698	27.210
9	encoder_lowdelay_main.cfg	BlowingBubbles	37	18	622.4889	32.1129	36.5053	38.0698	27.230
9	encoder_lowdelay_main.cfg	BlowingBubbles	37	19	622.4889	32.1129	36.5053	38.0698	27.180
9	encoder_lowdelay_main.cfg	BlowingBubbles	37	20	622.4889	32.1129	36.5053	38.0698	27.240
9	encoder_lowdelay_main.cfg	BlowingBubbles	37	21	622.4889	32.1129	36.5053	38.0698	27.210
9	encoder_lowdelay_main.cfg	BlowingBubbles	37	22	622.4889	32.1129	36.5053	38.0698	27.210
9	encoder_lowdelay_main.cfg	BlowingBubbles	37	23	622.4889	32.1129	36.5053	38.0698	27.180
9	encoder_lowdelay_main.cfg	BlowingBubbles	37	24	622.4889	32.1129	36.5053	38.0698	27.200
9	encoder_lowdelay_main.cfg	BlowingBubbles	37	25	622.4889	32.1129	36.5053	38.0698	27.240
9	encoder_lowdelay_main.cfg	BlowingBubbles	37	26	622.4889	32.1129	36.5053	38.0698	27.240
9	encoder_lowdelay_main.cfg	BlowingBubbles	37	27	622.4889	32.1129	36.5053	38.0698	27.150
9	encoder_lowdelay_main.cfg	BlowingBubbles	37	28	622.4889	32.1129	36.5053	38.0698	27.220
9	encoder_lowdelay_main.cfg	BlowingBubbles	37	29	622.4889	32.1129	36.5053	38.0698	27.260
9	encoder_lowdelay_main.cfg	BlowingBubbles	37	30	622.4889	32.1129	36.5053	38.0698	27.210
9	encoder_lowdelay_main.cfg	BlowingBubbles	37	31	622.4889	32.1129	36.5053	38.0698	27.170
